,Coccion,T_desgrasante,Composicion,Densidad,Textura,Grosor₍mm),Tamaño(cm),Acabado_Interno,Acabado_Externo,Dureza,Ahumado,Tecnica,Elemento₁,Localizacion,Baño,Engobe,Cluster
0,1,2,5,1,0,7,3,2,2,0,0,0,0,0,0,0,1
1,0,2,6,0,0,12,5,2,2,0,0,0,0,0,0,0,3
2,0,2,6,0,0,8,3,2,2,0,0,0,0,0,0,0,1
3,0,2,6,1,0,10,3,1,1,1,0,0,0,0,0,0,3
4,0,1,6,0,0,7,3,1,2,0,0,2,1,1,0,0,1
5,0,2,6,0,0,10,4,2,2,1,0,0,0,0,0,0,3
6,1,3,6,1,0,11,6,0,2,0,0,0,0,0,2,0,3
7,1,1,3,1,0,5,3,1,1,0,0,0,0,0,0,0,2
8,0,2,3,0,0,6,3,1,1,0,0,0,0,0,0,0,2
9,1,2,6,1,0,7,3,2,2,0,0,0,0,0,0,0,1
10,1,1,2,0,0,6,4,2,2,1,1,1,6,1,0,0,2
11,0,1,5,0,0,7,4,3,3,0,0,0,0,0,0,0,1
12,0,3,6,1,0,13,5,1,1,0,0,0,0,0,0,0,3
13,0,3,5,0,0,10,5,2,2,0,0,0,0,0,0,0,3
14,0,3,5,1,0,15,7,1,1,0,0,0,0,0,0,0,3
15,1,1,4,0,0,5,4,2,2,0,2,0,0,0,0,0,1
16,1,1,4,0,0,5,5,2,2,0,3,0,0,0,0,0,1
17,0,1,4,0,0,8,2,2,2,1,0,0,0,0,0,0,1
18,0,1,4,0,0,7,3,2,2,1,0,0,0,0,0,0,1
19,1,1,1,0,0,6,3,2,2,1,0,0,0,0,0,0,2
20,1,1,5,0,0,6,3,1,2,1,2,0,0,0,0,0,1
21,1,1,4,0,0,6,3,1,3,0,1,0,0,0,0,0,1
22,0,2,5,0,0,6,3,1,1,0,0,0,0,0,0,0,1
23,1,3,4,0,0,7,4,1,1,0,0,0,0,0,0,0,1
24,0,3,2,0,0,7,5,2,2,1,0,0,0,0,0,0,2
25,0,2,4,0,0,11,5,2,1,1,0,0,0,0,0,0,3
26,0,2,6,1,0,5,2,2,2,0,0,0,0,0,0,0,1
27,0,3,5,0,0,6,3,1,1,0,0,0,0,0,0,0,1
28,0,2,2,0,0,6,2,1,1,0,0,0,0,0,0,0,2
29,0,2,2,0,0,6,3,1,1,0,0,0,0,0,0,0,2
30,0,2,6,0,0,8,3,2,2,1,2,0,0,0,0,0,1
31,1,3,1,1,0,9,5,1,1,0,0,0,0,0,0,0,2
32,0,2,6,1,0,6,3,2,1,0,0,0,0,0,0,0,1
33,0,2,5,0,0,7,3,2,1,0,0,0,0,0,0,0,1
34,0,2,6,0,0,8,3,2,2,1,0,0,0,0,0,0,1
35,1,2,5,1,0,10,3,2,1,0,0,0,0,0,0,0,3
36,1,1,5,0,0,7,3,1,2,1,0,0,0,0,0,0,1
37,0,2,5,1,0,8,3,2,2,1,0,0,0,0,0,0,1
38,0,2,6,0,0,10,3,2,2,0,0,0,0,0,0,0,1
39,0,3,3,0,0,10,3,1,1,0,0,0,0,0,0,0,3
40,0,0,1,0,0,5,3,3,3,0,0,0,0,0,0,0,2
41,1,1,5,0,0,8,5,3,3,2,0,0,0,0,0,0,1
42,0,0,1,0,0,5,3,3,3,0,0,0,0,0,0,0,2
43,1,0,0,0,0,10,3,3,3,0,0,0,0,0,0,0,2
44,1,0,0,0,0,10,4,3,3,0,0,0,0,0,0,0,2
45,1,0,1,0,0,7,4,3,3,0,0,0,0,0,0,0,2
46,0,2,6,0,0,11,3,3,3,1,0,0,0,0,0,0,3
47,1,1,2,0,0,6,2,2,2,0,0,0,0,0,0,0,2
48,0,1,3,0,0,7,2,1,1,0,0,0,0,0,0,0,2
49,0,2,5,1,0,8,3,1,1,0,0,0,0,0,0,0,1
50,0,3,5,1,0,11,4,1,0,1,0,0,0,0,0,0,3
51,0,2,2,1,0,8,3,2,1,0,0,0,0,0,0,0,2
52,0,0,1,0,0,6,3,1,3,0,0,0,0,0,0,0,2
53,0,2,3,0,0,10,4,2,2,0,0,0,0,0,0,0,3
54,1,1,2,0,0,4,4,3,3,0,0,0,0,0,0,0,2
55,1,2,6,0,0,8,5,2,2,0,0,0,0,0,0,0,1
56,0,2,3,0,0,9,3,1,2,0,0,0,0,0,0,0,2
57,0,1,6,0,0,7,3,3,2,0,0,0,0,0,0,0,1
58,0,2,5,0,0,5,3,1,3,1,0,0,0,0,0,0,1
59,0,2,2,1,0,6,2,1,1,0,0,0,0,0,0,0,2
60,1,0,1,0,0,7,3,1,3,0,0,0,0,0,0,0,2
61,1,1,5,0,0,11,4,2,2,1,0,0,0,0,0,0,3
62,0,1,2,0,0,10,3,2,1,0,0,0,0,0,0,0,2
63,0,2,5,1,0,5,3,1,1,0,0,0,0,0,0,0,1
64,0,1,1,0,0,6,3,2,2,0,0,0,0,0,0,0,2
65,1,1,2,0,0,7,2,2,2,0,0,0,0,0,0,0,2
66,1,3,0,1,0,7,4,2,2,0,0,0,0,0,0,0,2
67,0,2,2,0,0,7,4,2,1,1,0,0,0,0,0,0,2
68,1,0,1,0,0,7,4,3,3,0,0,0,0,0,0,0,2
69,0,0,5,0,0,5,2,3,3,1,0,0,0,0,0,0,1
70,0,1,6,0,0,8,3,3,3,0,0,0,0,0,0,0,1
71,0,3,2,0,0,7,4,2,2,0,0,0,0,0,0,0,2
72,1,2,4,0,0,4,3,1,1,0,0,0,0,0,0,0,1
73,1,2,4,0,0,7,7,2,2,1,0,0,0,0,0,0,1
74,1,2,4,0,0,8,4,2,2,1,0,0,0,0,0,0,1
75,0,2,4,0,0,6,4,2,2,1,0,0,0,0,0,0,1
76,1,2,4,0,0,6,3,3,3,1,2,0,0,0,0,0,1
77,0,2,4,0,0,7,2,2,3,1,0,0,0,0,0,0,1
78,1,1,4,0,0,7,3,2,2,1,1,0,0,0,0,0,1
79,1,2,4,0,0,8,5,2,2,1,0,0,0,0,0,0,1
80,0,2,4,0,0,7,3,2,2,1,0,0,0,0,0,0,1
81,1,2,4,0,0,8,4,2,2,1,0,0,0,0,0,0,1
82,0,2,4,0,0,8,3,2,2,1,1,0,0,0,0,0,1
83,0,2,4,0,0,6,3,2,2,1,0,0,0,0,0,0,1
84,0,2,1,0,0,8,3,2,1,1,0,0,0,0,0,0,2
85,1,1,4,0,0,6,3,2,2,0,0,0,0,0,0,0,1
86,0,3,1,1,0,7,2,1,1,0,0,0,0,0,0,0,2
87,0,1,2,0,0,7,3,2,2,1,0,0,0,0,0,0,2
88,1,2,2,0,0,8,4,2,2,1,1,0,0,0,0,0,2
89,0,1,2,0,0,7,3,2,2,1,0,0,0,0,0,0,2
90,0,3,0,1,0,7,3,1,1,0,0,0,0,0,0,0,2
91,0,2,2,0,0,7,3,2,2,0,0,0,0,0,0,0,2
92,1,1,0,0,0,10,3,1,2,0,0,0,0,0,0,0,2
93,0,1,2,0,0,8,3,1,3,1,1,0,0,0,0,0,2
94,0,1,2,0,0,9,2,2,2,1,0,0,0,0,0,0,2
95,0,1,2,0,0,7,3,2,2,1,0,0,0,0,0,0,2
96,0,2,2,0,0,9,3,2,2,1,1,0,0,0,0,0,2
97,0,2,5,1,0,10,3,2,2,0,0,0,0,0,0,0,3
98,0,2,6,1,0,9,3,2,2,1,0,0,0,0,0,0,1
99,0,2,4,1,0,8,3,2,1,1,0,0,0,0,0,0,1
100,0,1,6,1,0,7,2,1,3,0,0,0,0,0,0,0,1
101,0,1,6,1,0,7,4,2,2,1,0,0,0,0,0,0,1
102,0,2,6,1,0,5,3,2,2,1,1,0,0,0,0,0,1
103,0,2,2,0,0,8,3,3,3,1,0,0,0,0,0,0,2
104,1,2,4,1,0,6,3,1,1,1,0,0,0,0,0,0,1
105,1,2,2,0,0,9,4,1,2,1,0,0,0,0,0,0,2
106,1,3,4,1,0,16,6,2,2,1,0,0,0,0,0,0,3
107,0,3,0,1,0,14,3,1,1,0,0,0,0,0,0,0,3
108,0,3,0,1,0,16,3,1,1,0,0,0,0,0,0,0,3
109,1,1,0,0,0,10,4,2,2,1,0,0,0,0,0,0,2
110,1,1,0,0,0,10,3,2,2,1,0,0,0,0,0,0,2
111,1,1,0,0,0,10,3,2,3,1,1,5,7,1,0,0,0
112,1,0,5,0,0,19,4,2,2,1,0,3,4,1,0,0,3
113,0,0,3,0,0,5,2,3,3,0,0,0,0,0,0,0,2
114,0,2,2,0,0,8,2,1,2,1,0,0,0,0,0,0,2
115,0,0,3,0,0,5,2,3,3,1,2,0,0,0,0,0,2
116,0,1,5,0,0,6,2,3,3,1,0,0,0,0,0,0,1
117,1,3,0,1,0,10,5,2,2,1,0,0,0,0,0,0,2
118,1,2,4,0,0,7,3,2,2,1,1,0,0,0,0,0,1
119,1,2,4,0,0,6,3,2,2,1,0,0,0,0,0,0,1
120,1,2,4,0,0,8,3,3,3,1,0,0,0,0,0,0,1
121,1,2,4,0,0,8,4,1,3,1,0,0,0,0,0,0,1
122,1,1,4,0,0,6,3,3,3,1,0,0,0,0,0,0,1
123,0,1,6,1,0,6,3,1,1,0,0,0,0,0,0,0,1
124,0,2,6,1,0,6,3,2,2,1,0,0,0,0,0,0,1
125,0,2,2,0,0,7,3,2,2,1,0,0,0,0,0,0,2
126,1,1,0,0,0,8,3,1,2,1,0,0,0,0,0,0,2
127,0,0,5,0,0,7,2,2,2,1,0,0,0,0,0,0,1
128,0,2,0,0,0,6,2,1,1,0,0,0,0,0,0,0,2
129,1,0,0,0,0,7,4,3,3,1,0,0,0,0,0,0,2
130,1,0,4,0,0,5,3,3,3,1,0,0,0,0,0,0,1
131,0,2,0,0,0,10,3,2,2,1,0,2,1,1,0,0,2
132,0,2,6,0,0,6,3,2,2,1,0,0,0,0,0,0,1
133,1,1,3,0,0,9,3,2,2,1,0,0,0,0,0,0,2
134,1,1,3,0,0,8,3,2,2,1,0,0,0,0,0,0,2
135,1,1,3,0,0,9,3,2,2,1,0,0,0,0,0,0,2
136,1,1,3,0,0,8,4,2,2,1,0,0,0,0,0,0,2
137,1,1,3,0,0,8,3,2,2,1,0,0,0,0,0,0,2
138,1,1,3,0,0,11,3,2,2,1,0,0,0,0,0,0,3
139,1,1,3,0,0,8,3,2,2,1,0,0,0,0,0,0,2
140,1,1,3,0,0,9,4,2,2,1,0,0,0,0,0,0,2
141,1,1,3,0,0,9,3,2,2,1,0,0,0,0,0,0,2
142,1,1,3,0,0,9,3,2,2,1,0,0,0,0,0,0,2
143,1,1,3,0,0,8,3,2,2,1,0,0,0,0,0,0,2
144,1,1,3,0,0,10,4,2,2,1,0,0,0,0,0,0,3
145,1,1,3,0,0,9,3,2,2,1,0,0,0,0,0,0,2
146,1,1,3,0,0,9,3,2,2,1,0,0,0,0,0,0,2
147,1,1,3,0,0,9,3,2,2,1,2,0,0,0,0,0,2
148,1,1,3,0,0,9,3,2,2,1,2,0,0,0,0,0,2
149,1,1,3,0,0,9,3,2,2,1,2,0,0,0,0,0,2
150,1,1,3,0,0,9,2,2,2,1,2,0,0,0,0,0,2
151,1,1,3,0,0,9,3,2,2,1,2,0,0,0,0,0,2
152,1,1,3,0,0,7,2,2,2,1,1,0,0,0,0,0,2
153,1,1,3,0,0,8,3,2,2,1,2,0,0,0,0,0,2
154,1,1,3,0,0,11,3,2,2,1,0,0,0,0,0,0,3
155,1,1,3,0,0,10,3,2,2,1,0,0,0,0,0,0,3
156,1,1,3,0,0,9,4,2,2,1,0,0,0,0,0,0,2
157,1,1,0,1,0,11,3,1,1,0,0,0,0,0,0,0,3
158,0,1,4,1,0,8,3,1,2,1,0,0,0,0,0,0,1
159,0,1,4,0,0,12,3,2,2,1,0,0,0,0,0,0,3
160,0,1,4,0,0,8,3,2,2,1,0,0,0,0,0,0,1
161,1,1,4,0,0,11,4,2,2,1,0,0,0,0,0,0,3
162,1,2,4,0,0,10,4,2,2,1,0,0,0,0,0,0,3
163,0,2,2,0,0,14,2,2,2,0,0,0,0,0,0,0,3
164,1,2,5,0,0,7,3,2,2,2,1,0,0,0,0,0,1
165,1,0,2,0,0,5,5,3,3,2,0,0,0,0,0,0,2
166,1,2,0,1,0,11,4,3,2,2,0,0,0,0,0,0,3
167,1,2,3,1,0,11,3,3,3,2,0,0,0,0,0,0,3
168,1,2,0,0,0,8,3,1,1,0,0,0,0,0,0,0,2
169,0,2,0,0,0,6,3,2,2,1,1,0,0,0,0,0,2
170,0,1,3,0,0,11,4,2,2,1,0,0,0,0,0,0,3
171,0,1,3,0,0,10,2,2,2,1,0,0,0,0,0,0,3
172,1,1,3,0,0,7,3,2,2,1,0,0,0,0,0,0,2
173,0,2,3,0,0,8,3,2,2,1,0,0,0,0,0,0,2
174,0,2,3,0,0,9,3,2,2,1,0,0,0,0,0,0,2
175,1,2,4,0,0,9,3,1,2,0,0,0,0,0,0,0,1
176,0,2,4,0,0,11,2,1,1,0,0,0,0,0,0,0,3
177,0,1,4,0,0,14,3,1,1,0,0,0,0,0,0,0,3
178,0,1,4,0,0,7,2,1,1,0,0,0,0,0,0,0,1
179,0,2,6,0,0,8,2,1,1,0,0,0,0,0,0,0,1
180,0,3,6,1,0,10,5,1,1,1,2,0,0,0,0,0,3
181,0,3,0,1,0,9,4,2,1,0,0,0,0,0,0,0,2
182,0,3,0,1,0,7,3,1,1,0,0,0,0,0,0,0,2
183,0,3,0,1,0,7,4,1,1,0,0,0,0,0,0,0,2
184,0,3,0,1,0,10,3,1,2,0,0,0,0,0,0,0,2
185,0,3,0,1,0,9,4,2,1,0,0,0,0,0,0,0,2
186,0,3,0,1,0,7,4,2,1,0,0,0,0,0,0,0,2
187,0,1,6,1,0,6,3,2,2,1,2,0,0,0,0,0,1
188,1,0,3,0,0,5,2,3,3,0,0,0,0,0,0,0,2
189,1,0,3,0,0,5,3,3,3,0,0,8,2,2,0,0,0
190,1,0,3,0,0,6,2,3,3,0,2,0,0,0,0,0,2
191,1,0,3,0,0,6,3,3,3,0,0,0,0,0,0,0,2
192,1,2,5,1,0,14,3,2,1,0,0,0,0,0,0,0,3
193,0,0,0,0,0,4,2,1,1,0,0,0,0,0,0,0,2
194,1,2,0,0,0,9,6,1,3,1,1,0,0,0,0,0,2
195,1,1,5,1,0,5,3,1,1,0,0,0,0,0,0,0,1
196,1,1,0,1,0,9,7,0,0,0,1,0,0,0,0,0,2
197,1,1,0,1,0,10,5,0,0,0,1,0,0,0,0,0,2
198,1,1,0,1,0,12,7,2,2,0,0,0,0,0,0,0,3
199,1,1,0,1,0,7,3,2,2,0,0,0,0,0,0,0,2
200,1,1,6,0,0,7,3,2,2,1,0,0,0,0,0,0,1
201,1,1,6,0,0,8,4,2,2,1,0,0,0,0,0,0,1
202,0,3,2,1,0,8,3,1,1,0,0,0,0,0,0,0,2
203,0,3,6,0,0,10,4,2,2,1,0,0,0,0,0,0,3
204,0,3,2,1,0,8,3,1,1,0,0,0,0,0,0,0,2
205,0,3,2,0,0,7,2,1,1,0,0,0,0,0,0,0,2
206,0,3,1,0,0,8,2,2,1,0,0,0,0,0,0,0,2
207,0,0,1,0,0,5,3,3,3,0,0,0,0,0,0,0,2
208,0,2,6,1,0,6,3,2,2,1,0,0,0,0,0,0,1
209,0,1,4,0,0,6,2,2,2,0,0,0,0,0,0,0,1
210,0,1,4,0,0,6,2,2,2,0,0,0,0,0,0,0,1
211,1,2,0,0,0,7,6,1,1,1,0,0,0,0,0,0,2
212,0,2,0,0,0,4,2,1,1,0,0,0,0,0,0,0,2
213,0,2,2,0,0,10,3,2,2,1,1,0,0,0,0,0,2
214,0,2,3,0,0,6,2,1,1,0,0,0,0,0,0,0,2
215,0,2,6,0,0,9,2,2,2,1,0,0,0,0,0,0,1
216,0,2,2,1,0,8,2,2,1,0,0,0,0,0,0,0,2
217,0,2,6,0,0,7,3,2,2,1,2,0,0,0,0,0,1
218,0,3,5,0,0,12,3,1,2,0,0,0,0,0,0,0,3
219,0,2,6,0,0,7,3,1,1,1,0,0,0,0,0,0,1
220,0,2,3,1,0,11,5,1,2,1,0,0,0,0,0,0,3
221,0,1,3,0,0,9,2,2,2,1,0,0,0,0,0,0,2
222,0,2,6,0,0,9,3,2,1,1,1,0,0,0,0,0,1
223,0,2,2,0,0,7,3,1,2,0,0,0,0,0,0,0,2
224,0,2,3,0,0,7,3,2,2,1,0,0,0,0,0,0,2
225,0,2,3,1,0,7,3,1,1,0,0,0,0,0,0,0,2
226,0,2,2,1,0,5,3,2,2,0,0,0,0,0,0,0,2
227,0,2,0,0,0,7,4,2,2,0,0,0,0,0,0,0,2
228,0,2,2,0,0,6,2,2,2,0,0,0,0,0,0,0,2
229,0,2,3,0,0,9,3,2,2,0,0,0,0,0,0,0,2
230,0,2,2,0,0,6,2,2,1,0,0,0,0,0,0,0,2
231,0,1,0,0,0,6,2,2,2,0,0,0,0,0,0,0,2
232,0,1,4,0,0,5,3,2,2,0,0,0,0,0,0,0,1
233,0,1,2,0,0,8,3,2,2,1,0,0,0,0,0,0,2
234,0,1,0,0,0,5,3,2,2,1,0,0,0,0,0,0,2
235,0,1,6,0,0,4,3,3,3,1,0,4,3,1,2,0,1
236,0,2,0,0,1,6,2,2,2,0,0,0,0,0,0,0,2
237,0,1,1,0,0,7,5,2,2,0,0,0,0,0,0,0,2
238,1,1,4,0,0,5,4,1,1,0,0,0,0,0,0,0,1
239,0,1,4,0,0,6,2,3,1,0,0,0,0,0,0,0,1
240,0,2,0,0,0,12,3,2,2,1,1,0,0,0,0,0,3
241,0,2,4,0,0,7,3,2,2,0,0,0,0,0,0,0,1
242,0,2,2,1,0,9,4,2,2,1,0,0,0,0,0,0,2
243,0,2,2,1,0,11,3,2,2,1,0,0,0,0,0,0,3
244,0,2,2,1,0,12,4,1,2,1,0,0,0,0,0,0,3
245,0,2,2,0,0,7,4,2,2,1,0,0,0,0,0,0,2
246,0,2,2,0,0,6,4,2,2,1,0,0,0,0,0,0,2
247,0,2,2,0,0,7,5,2,2,1,1,0,0,0,0,0,2
248,0,2,2,0,0,7,3,2,2,0,0,0,0,0,0,0,2
249,0,2,2,0,0,7,7,2,1,1,0,0,0,0,0,0,2
250,0,2,2,0,0,7,2,3,3,1,2,0,0,0,0,0,2
251,0,2,2,0,0,7,3,3,3,1,0,0,0,0,0,0,2
252,0,2,5,1,0,10,3,1,1,1,0,0,0,0,0,0,3
253,0,3,5,1,0,12,4,1,1,1,0,0,0,0,0,0,3
254,0,3,5,1,0,9,3,1,2,1,0,0,0,0,0,0,1
255,0,2,6,0,0,5,3,1,1,1,0,0,0,0,0,0,1
256,0,2,5,0,0,5,3,1,2,1,0,0,0,0,0,0,1
257,0,2,5,0,0,7,3,1,2,1,0,0,0,0,0,0,1
258,0,3,5,1,0,7,3,1,1,1,0,0,0,0,0,0,1
259,1,2,6,0,0,7,4,2,2,1,0,0,0,0,0,0,1
260,0,3,2,1,0,9,3,2,1,0,1,0,0,0,0,0,2
261,0,2,6,0,0,7,4,2,2,1,1,0,0,0,0,0,1
262,0,1,6,0,0,6,2,3,3,1,0,0,0,0,0,0,1
263,0,2,2,0,0,12,3,2,2,1,0,0,0,0,0,0,3
264,1,3,2,0,0,10,3,2,1,1,0,0,0,0,0,0,3
265,1,1,2,0,0,6,2,2,2,1,2,0,0,0,0,0,2
266,0,2,6,0,0,8,3,1,2,2,0,0,0,0,0,0,1
267,1,3,5,1,0,9,3,1,1,0,0,0,0,0,0,0,1
268,0,2,3,0,0,7,3,2,1,1,0,0,0,0,0,0,2
269,1,1,2,0,0,6,3,2,2,1,0,0,0,0,0,0,2
270,0,1,5,0,0,7,2,2,3,1,0,0,0,0,0,0,1
271,0,3,2,1,0,9,4,2,2,1,0,0,0,0,0,0,2
272,0,2,2,0,0,7,5,2,2,1,0,0,0,0,0,0,2
273,0,2,2,0,0,7,4,1,1,0,0,0,0,0,0,0,2
274,0,2,2,0,0,8,2,1,2,1,0,0,0,0,0,0,2
275,0,2,2,0,0,1,3,1,2,1,0,0,0,0,0,0,2
276,0,2,2,0,0,11,3,2,2,1,0,0,0,0,0,0,3
277,0,2,2,0,0,9,4,2,2,1,0,0,0,0,0,0,2
278,0,2,6,0,0,8,4,2,2,1,0,0,0,0,0,0,1
279,0,2,6,0,0,9,3,2,2,1,0,0,0,0,0,0,1
280,0,2,6,0,0,8,3,2,2,1,0,0,0,0,0,0,1
281,0,2,6,0,0,8,3,2,2,1,0,0,0,0,0,0,1
282,0,2,2,0,0,8,3,2,2,0,0,0,0,0,0,0,2
283,0,2,2,0,0,8,2,2,2,1,2,0,0,0,0,0,2
284,0,2,2,0,0,7,3,1,1,0,0,0,0,0,0,0,2
285,0,2,6,0,0,6,4,2,2,1,0,0,0,0,0,0,1
286,0,2,6,0,0,5,3,1,2,1,2,0,0,0,0,0,1
287,0,2,6,0,0,6,3,2,2,1,0,0,0,0,0,0,1
288,0,2,6,0,0,7,2,2,2,0,0,4,3,1,0,0,1
289,1,2,0,0,1,9,2,2,1,0,0,0,0,0,0,0,2
290,0,2,6,0,0,8,3,2,2,1,0,0,0,0,0,0,1
291,0,2,2,0,0,8,3,3,3,1,0,0,0,0,3,0,2
292,1,1,5,0,0,8,3,2,2,1,2,0,0,0,0,0,1
293,1,1,5,0,0,7,3,2,2,1,2,0,0,0,0,0,1
294,0,2,6,0,0,10,3,2,2,1,1,0,0,0,0,0,1
295,0,2,6,1,0,11,4,2,2,1,0,0,0,0,0,0,3
296,0,1,6,0,0,8,2,2,2,1,0,0,0,0,0,0,1
297,0,1,6,0,0,8,3,2,2,0,2,0,0,0,0,0,1
298,1,1,4,0,0,6,3,2,2,0,1,0,0,0,0,0,1
299,0,1,6,0,0,7,3,1,1,0,0,0,0,0,0,0,1
300,1,1,2,0,0,7,3,2,2,1,0,0,0,0,0,0,2
301,0,1,6,0,0,6,2,2,2,1,1,0,0,0,0,0,1
302,0,1,2,0,0,6,3,2,2,1,0,0,0,0,0,0,2
303,0,1,6,0,0,10,4,2,2,1,2,0,0,0,0,0,1
304,1,1,4,0,0,5,3,2,2,1,0,0,0,0,0,0,1
305,1,1,5,0,0,6,2,2,2,1,3,0,0,0,0,0,1
306,1,1,6,0,0,6,3,2,2,1,1,0,0,0,0,0,1
307,0,2,0,0,0,8,3,1,1,0,0,0,0,0,0,0,2
308,0,3,2,1,0,9,3,2,2,1,0,0,0,0,0,0,2
309,0,3,2,1,0,10,3,1,1,0,0,0,0,0,0,0,3
310,0,2,5,0,0,6,2,2,2,1,0,0,0,0,0,0,1
311,0,2,6,0,0,7,4,2,2,1,1,0,0,0,0,0,1
312,0,1,2,0,0,9,2,2,2,1,0,4,3,1,0,0,0
313,0,2,6,0,0,6,4,2,2,1,0,0,0,0,0,0,1
314,1,2,4,0,0,9,3,2,2,1,0,6,5,1,0,0,0
315,0,2,2,0,0,8,3,2,2,1,1,0,0,0,0,0,2
316,1,2,0,0,0,8,3,1,1,1,0,0,0,0,0,0,2
317,1,0,2,0,0,6,3,3,3,0,0,0,0,0,0,0,2
318,0,1,5,0,0,6,2,2,2,1,2,0,0,0,0,0,1
319,0,3,5,0,0,7,3,2,2,1,0,0,0,0,0,0,1
320,0,2,5,0,0,6,3,2,2,1,0,0,0,0,0,0,1
321,0,3,6,0,0,8,3,2,2,1,0,0,0,0,0,0,1
322,0,2,5,0,0,7,4,2,2,1,0,0,0,0,0,0,1
323,1,2,5,0,0,7,3,2,2,1,0,0,0,0,0,0,1
324,0,1,6,0,0,8,2,2,2,1,0,0,0,0,0,0,1
325,0,1,6,0,0,6,4,2,2,1,0,0,0,0,0,0,1
326,0,3,5,1,0,9,3,1,1,0,0,0,0,0,0,0,1
327,0,1,5,0,0,7,3,2,2,0,0,0,0,0,0,0,1
328,0,2,4,0,0,8,3,2,2,1,0,0,0,0,0,0,1
329,0,2,6,0,0,7,3,2,2,1,0,0,0,0,0,0,1
330,0,2,2,0,0,9,3,2,2,1,0,0,0,0,0,0,2
331,0,2,4,0,0,7,3,2,2,1,0,0,0,0,0,0,1
332,0,2,4,0,0,9,4,2,2,0,0,0,0,0,0,0,1
333,0,2,2,0,0,10,2,2,2,1,0,4,3,1,0,0,0
334,0,2,6,0,0,6,2,3,3,1,0,0,0,0,0,0,1
335,0,2,2,0,0,10,3,3,3,1,0,0,0,0,0,0,2
336,0,2,2,0,0,8,4,2,2,1,0,0,0,0,0,0,2
337,0,2,2,0,0,7,3,2,2,1,0,0,0,0,0,0,2
338,0,2,2,0,0,8,3,2,1,1,0,0,0,0,0,0,2
339,0,2,2,0,0,7,3,2,2,1,0,0,0,0,0,0,2
340,0,2,6,0,0,7,2,2,2,2,0,0,0,0,0,0,1
341,0,2,5,0,0,8,3,2,2,1,1,0,0,0,0,0,1
342,0,2,6,0,0,9,3,2,2,0,1,0,0,0,0,0,1
343,0,1,1,0,0,7,2,3,3,1,0,0,0,0,0,0,2
344,0,2,1,0,0,10,3,2,3,1,0,0,0,0,0,0,2
345,0,2,6,0,0,6,2,3,3,1,0,0,0,0,0,0,1
346,0,2,6,0,0,7,3,3,2,2,2,0,0,0,0,0,1
347,0,2,6,0,0,8,3,2,2,1,3,0,0,0,0,0,1
348,0,2,6,0,0,7,2,2,2,1,0,0,0,0,0,0,1
349,0,2,2,0,0,6,2,2,1,0,0,0,0,0,0,0,2
350,0,2,2,0,0,7,3,1,2,1,0,0,0,0,0,0,2
351,0,2,0,0,0,5,2,3,2,1,2,0,0,0,0,0,2
352,0,2,4,0,1,6,2,1,1,0,0,0,0,0,0,0,1
353,0,2,2,0,0,9,3,2,1,1,0,0,0,0,0,0,2
354,0,1,2,0,0,7,3,2,2,1,0,0,0,0,0,0,2
355,0,2,5,0,0,9,3,1,2,1,0,0,0,0,0,0,1
356,0,2,0,0,0,9,3,1,2,1,0,0,0,0,0,0,2
357,0,2,0,0,0,4,4,1,2,1,0,0,0,0,0,0,2
358,0,2,2,0,0,9,3,1,1,1,0,0,0,0,0,0,2
359,0,2,1,0,1,6,3,1,1,0,0,0,0,0,0,0,2
360,0,2,6,0,0,6,3,2,2,1,2,0,0,0,0,0,1
361,1,2,0,0,0,4,2,1,1,0,0,0,0,0,0,0,2
362,0,2,6,0,0,5,2,1,1,0,0,0,0,0,0,0,1
363,1,2,4,0,0,6,3,1,1,0,0,0,0,0,0,0,1
364,0,2,0,0,0,5,3,1,2,1,2,0,0,0,0,0,2
365,0,2,2,0,0,7,2,1,1,1,0,0,0,0,0,0,2
366,0,2,5,0,0,8,2,1,1,1,0,0,0,0,0,0,1
367,0,2,5,0,0,7,2,2,1,0,0,0,0,0,0,0,1
368,0,2,0,0,0,4,3,1,2,0,0,0,0,0,0,0,2
369,0,3,2,1,0,8,5,1,1,0,0,0,0,0,0,0,2
370,0,3,6,0,0,6,3,1,1,0,0,0,0,0,0,0,1
371,0,2,5,0,0,9,3,1,1,1,0,0,0,0,0,0,1
372,0,2,6,0,0,7,4,2,1,0,0,0,0,0,0,0,1
373,0,2,6,0,0,7,2,1,1,0,0,0,0,0,0,0,1
374,0,2,6,0,0,7,3,1,1,0,0,0,0,0,0,0,1
375,0,2,6,0,0,8,3,2,2,1,0,0,0,0,0,0,1
376,0,0,0,0,0,4,3,1,2,1,0,0,0,0,0,0,2
377,0,2,6,0,0,8,2,1,1,1,0,0,0,0,0,0,1
378,0,1,5,0,0,6,3,2,2,1,0,0,0,0,0,0,1
379,0,1,5,0,0,7,3,2,2,1,0,4,3,1,0,0,1
380,0,1,0,0,0,6,3,2,2,1,2,0,0,0,0,0,2
381,0,2,2,0,0,7,3,3,3,1,0,0,0,0,0,0,2
382,0,2,2,0,0,6,3,1,3,1,0,0,0,0,0,0,2
383,0,1,6,0,0,8,3,2,2,1,0,0,0,0,0,0,1
384,0,1,6,0,0,6,2,2,2,1,0,4,3,1,0,0,1
385,0,1,2,0,0,5,3,3,3,0,0,0,0,0,0,0,2
386,0,2,1,0,0,10,3,2,2,1,0,0,0,0,0,0,2
387,0,2,6,0,0,8,3,2,2,1,0,0,0,0,0,0,1
388,0,3,5,0,0,12,4,2,2,0,0,0,0,0,0,0,3
389,0,2,2,0,0,7,5,3,3,1,0,0,0,0,0,0,2
390,0,1,6,0,0,7,2,2,2,1,0,0,0,0,0,0,1
391,0,2,0,0,0,6,2,1,2,1,0,0,0,0,0,0,2
392,0,2,6,0,0,7,2,2,2,1,0,0,0,0,0,0,1
393,0,2,6,0,0,8,3,2,2,1,3,0,0,0,0,0,1
394,0,2,5,0,0,7,2,2,2,1,0,0,0,0,0,0,1
395,0,3,2,0,0,8,4,2,2,1,1,0,0,0,0,0,2
396,1,2,6,0,0,7,2,2,2,0,0,0,0,0,0,0,1
397,0,2,5,0,0,7,3,2,2,1,0,0,0,0,0,0,1
398,0,3,2,0,0,9,3,2,2,1,0,0,0,0,0,0,2
399,0,1,6,0,0,7,4,2,2,1,0,0,0,0,0,0,1
400,0,1,6,0,0,6,2,2,3,1,0,0,0,0,0,0,1
401,0,3,2,0,0,6,3,2,2,1,0,0,0,0,0,0,2
402,0,2,2,0,0,8,3,1,2,1,0,0,0,0,0,0,2
403,0,2,2,0,0,7,3,1,2,1,0,0,0,0,0,0,2
404,0,3,5,1,0,5,3,1,1,0,0,0,0,0,0,0,1
405,1,1,0,1,0,8,2,1,1,0,0,0,0,0,0,0,2
406,0,2,2,0,0,7,3,2,2,1,0,0,0,0,0,0,2
407,0,2,6,0,0,7,3,2,2,1,0,0,0,0,0,0,1
408,0,2,6,0,0,8,3,1,2,1,0,4,3,1,0,0,1
409,0,2,2,0,0,8,4,2,2,1,0,0,0,0,0,0,2
410,0,1,2,0,0,8,4,2,2,1,0,0,0,0,0,0,2
411,0,1,6,0,0,7,3,2,2,1,0,0,0,0,0,0,1
412,0,1,2,0,0,7,3,2,2,1,0,0,0,0,0,0,2
413,0,1,2,0,0,8,3,2,2,1,0,0,0,0,0,0,2
414,0,1,2,0,0,8,4,2,2,1,0,0,0,0,0,0,2
415,1,3,2,0,0,8,5,2,2,1,0,0,0,0,0,0,2
416,1,2,2,0,0,9,6,2,2,1,0,0,0,0,0,0,2
417,1,2,6,0,0,7,5,2,1,0,0,0,0,0,0,0,1
418,1,1,6,0,0,7,4,2,2,1,0,0,0,0,0,0,1
419,0,2,6,0,0,13,4,2,2,1,0,0,0,0,0,0,3
420,0,1,2,0,0,7,3,2,2,1,0,0,0,0,0,0,2
421,0,2,0,0,0,15,6,2,2,1,0,4,3,1,0,0,0
422,0,2,6,0,0,6,3,2,2,1,0,0,0,0,0,0,1
423,0,2,0,0,0,13,3,2,2,1,0,0,0,0,0,0,3
424,1,0,0,0,0,5,2,1,1,1,0,0,0,0,0,0,2
425,0,2,0,0,1,8,2,2,2,1,2,0,0,0,0,0,2
426,0,2,4,0,0,4,2,1,1,0,0,0,0,0,0,0,1
427,1,0,4,0,0,6,5,2,2,0,0,0,0,0,0,0,1
428,1,0,4,0,0,9,3,2,2,1,0,0,0,0,0,0,1
429,1,0,4,0,0,8,4,2,2,1,0,0,0,0,0,0,1
430,1,0,4,0,0,7,4,2,2,1,0,0,0,0,0,0,1
431,1,0,4,0,0,9,3,2,2,1,0,0,0,0,0,0,1
432,1,0,4,0,0,8,3,2,2,1,0,0,0,0,0,0,1
433,1,0,4,0,0,6,3,2,2,1,0,0,0,0,0,0,1
434,0,2,5,0,0,7,5,2,2,1,0,0,0,0,0,0,1
435,0,1,5,0,0,4,3,2,2,1,0,0,0,0,0,0,1
436,1,0,5,0,0,7,2,2,3,1,0,0,0,0,0,0,1
437,0,0,2,0,0,7,3,2,2,0,0,0,0,0,0,0,2
438,0,0,2,0,0,8,3,1,2,0,0,0,0,0,0,0,2
439,0,0,2,0,0,8,4,3,3,0,0,0,0,0,0,0,2
440,0,1,2,0,0,10,3,3,3,0,0,0,0,0,0,0,2
441,1,0,0,0,0,7,4,2,2,1,0,0,0,0,0,0,2
442,1,1,5,0,0,6,4,3,3,1,0,0,0,0,0,0,1
443,1,0,2,0,0,6,3,3,3,1,0,0,0,0,0,0,2
444,1,0,5,0,0,7,3,3,3,1,0,0,0,0,0,0,1
445,0,2,0,0,0,6,2,2,2,1,0,0,0,0,0,0,2
446,0,2,5,0,0,7,3,2,2,2,0,0,0,0,0,0,1
447,0,3,1,1,0,10,3,2,2,1,0,0,0,0,0,1,2
448,0,3,1,1,0,10,3,2,2,1,0,0,0,0,0,1,2
449,0,3,1,1,0,12,3,2,2,1,0,0,0,0,0,0,3
450,0,3,1,1,0,11,3,2,0,2,0,9,0,0,0,1,0
451,0,3,1,1,0,9,3,2,2,2,0,9,0,0,0,0,0
452,0,3,1,1,0,10,3,2,2,2,0,9,0,0,0,0,0
453,0,3,1,1,0,9,3,2,2,1,0,0,0,0,0,0,2
454,0,3,1,1,0,12,3,2,0,1,0,0,0,0,0,1,3
455,0,3,1,1,0,11,4,0,2,0,0,0,0,0,0,1,3
456,0,3,1,1,0,12,5,2,2,1,1,0,0,0,0,0,3
457,0,3,1,1,0,10,5,2,0,1,0,0,0,0,0,1,3
458,1,0,4,0,0,6,5,2,2,1,0,0,0,0,0,0,1
459,1,0,4,0,0,9,7,2,2,0,0,0,0,0,0,0,1
460,1,1,4,0,0,6,4,3,3,1,0,0,0,0,3,0,1
461,1,0,4,0,0,8,3,1,3,0,2,0,0,0,0,0,1
462,1,0,4,0,0,8,5,3,3,0,3,0,0,0,0,0,1
463,1,0,4,0,0,7,5,3,3,0,2,0,0,0,0,0,1
464,1,0,4,0,0,7,5,3,3,0,0,0,0,0,0,0,1
465,1,0,4,0,0,9,4,1,2,0,0,0,0,0,0,0,1
466,1,0,4,0,0,8,4,3,3,0,0,0,0,0,0,0,1
467,1,0,4,0,0,7,5,3,3,0,0,0,0,0,0,0,1
468,1,0,4,0,0,7,5,3,3,0,0,0,0,0,3,0,1
469,1,0,4,0,0,8,6,3,3,0,0,0,0,0,0,0,1
470,1,0,4,0,0,7,6,3,3,0,0,0,0,0,0,0,1
471,1,0,1,0,0,8,4,3,3,1,0,0,0,0,0,0,2
472,1,0,1,0,0,7,4,3,3,1,0,0,0,0,0,0,2
473,1,0,1,0,0,6,4,3,3,0,0,0,0,0,0,0,2
474,1,0,1,0,0,7,4,3,3,1,0,0,0,0,0,0,2
475,1,0,1,0,0,7,5,3,3,0,1,0,0,0,0,0,2
476,1,0,1,0,0,7,5,3,3,0,1,0,0,0,0,0,2
477,1,0,1,0,0,7,3,3,3,0,1,0,0,0,0,0,2
478,1,0,1,0,0,7,3,3,3,0,0,0,0,0,0,0,2
479,1,0,1,0,0,7,3,3,3,0,1,0,0,0,0,0,2
480,1,0,1,0,0,13,4,1,1,0,0,0,0,0,0,0,3
481,0,0,4,0,0,6,3,2,2,0,0,0,0,0,0,0,1
482,1,1,0,0,0,8,6,2,0,0,0,0,0,0,0,0,2
483,1,0,0,0,0,7,5,2,2,0,0,0,0,0,0,0,2
484,1,0,0,0,0,6,4,2,2,0,0,0,0,0,0,0,2
485,0,0,4,0,0,9,4,2,2,0,0,0,0,0,0,0,1
486,0,0,4,0,0,9,4,2,2,0,0,0,0,0,0,0,1
487,0,0,2,0,0,7,5,2,2,1,0,0,0,0,0,0,2
488,1,0,0,0,0,11,3,2,2,0,0,7,8,1,0,0,0
489,1,0,0,0,0,11,4,2,3,0,0,7,8,1,0,0,0
490,0,3,4,1,2,19,3,0,0,0,0,0,0,0,0,0,3
491,1,3,4,1,2,12,4,2,2,0,0,0,0,0,0,0,3
492,1,3,4,1,2,18,6,2,2,0,0,0,0,0,0,0,3
493,1,3,4,1,2,17,6,2,2,0,1,0,0,0,0,0,3
494,0,3,4,1,2,17,6,2,2,0,0,0,0,0,0,0,3
495,0,3,4,1,2,15,5,2,2,0,0,0,0,0,0,0,3
496,0,3,4,1,2,2,4,2,2,0,0,0,0,0,0,0,1
497,0,3,4,1,2,16,5,2,2,0,0,0,0,0,0,0,3
498,1,1,5,0,0,8,4,2,2,1,0,0,0,0,0,0,1
499,0,1,6,0,0,8,6,2,2,1,1,0,0,0,0,0,1
500,0,1,0,0,0,9,4,2,2,0,1,0,0,0,1,0,2
501,0,1,4,0,0,9,3,2,2,0,0,0,0,0,0,0,1
502,1,2,0,1,0,9,6,2,2,0,1,0,0,0,0,0,2
503,1,2,0,1,0,9,4,1,2,0,1,0,0,0,0,0,2
504,0,2,4,0,0,10,3,2,2,0,1,0,0,0,0,0,3
505,0,2,4,1,0,10,2,2,2,1,1,0,0,0,0,0,3
506,0,2,0,0,0,11,3,2,2,0,1,0,0,0,0,0,3
507,0,2,4,0,0,9,5,2,2,1,1,0,0,0,0,1,1
508,0,1,5,0,0,8,4,2,1,1,0,0,0,0,0,0,1
509,0,1,5,0,0,7,3,2,2,1,0,0,0,0,0,0,1
510,0,1,5,0,0,6,3,2,2,0,0,0,0,0,0,0,1
511,0,1,0,0,0,9,2,2,2,1,0,0,0,0,0,0,2
512,0,1,4,0,0,10,5,2,2,1,0,0,0,0,0,0,3
513,1,0,0,0,0,5,2,3,3,1,0,0,0,0,0,0,2
514,1,0,0,0,0,5,2,3,3,1,0,0,0,0,0,0,2
515,0,0,5,0,0,4,3,3,3,1,2,0,0,0,0,0,1
516,1,1,0,0,0,7,4,3,3,1,0,0,0,0,0,0,2
517,0,2,5,0,0,6,3,3,3,1,0,0,0,0,0,0,1
518,0,1,4,0,0,8,3,3,3,1,0,0,0,0,0,0,1
519,0,1,6,0,0,7,3,3,3,1,0,0,0,0,0,0,1
520,0,2,6,0,0,1,4,2,2,1,0,0,0,0,0,0,1
521,0,2,6,0,0,9,4,2,2,1,0,0,0,0,0,0,1
522,1,1,0,0,0,9,3,2,1,2,0,0,0,0,0,0,2
523,1,2,3,0,0,7,4,2,2,1,0,0,0,0,0,0,2
524,1,2,2,1,0,19,9,3,3,1,0,0,0,0,2,0,3
525,0,3,5,0,0,9,4,2,1,1,0,0,0,0,0,0,1
526,0,2,2,0,0,8,4,2,2,1,0,0,0,0,0,0,2
527,0,1,4,0,0,13,5,2,2,0,0,0,0,0,0,0,3
528,0,2,0,0,0,10,4,2,2,1,0,0,0,0,3,0,2
529,1,0,2,0,0,5,3,3,3,2,0,0,0,0,0,0,2
530,1,0,2,0,0,5,3,3,3,2,0,7,8,1,0,0,0
531,1,0,2,0,0,4,3,3,3,2,0,0,0,0,0,0,2
532,1,0,2,0,0,5,3,3,3,2,0,0,0,0,0,0,2
533,1,2,2,0,0,7,4,3,3,2,0,0,0,0,0,0,2
534,0,2,6,0,0,14,4,2,2,0,0,0,0,0,0,0,3
535,1,1,6,0,0,10,3,2,2,1,0,0,0,0,0,0,1
536,0,2,5,0,0,10,3,1,1,0,0,0,0,0,0,0,3
537,1,1,5,0,0,8,6,3,3,1,3,0,0,0,0,0,1
538,1,1,5,0,0,8,4,3,3,1,1,0,0,0,2,0,1
539,1,1,5,0,0,12,5,3,3,1,0,0,0,0,0,0,3
540,1,1,5,0,0,8,4,3,3,1,3,0,0,0,2,0,1
541,0,2,2,0,0,11,3,3,3,1,0,0,0,0,0,0,3
542,0,2,4,0,0,13,3,2,2,0,0,0,0,0,0,0,3
543,0,2,6,0,0,12,4,2,2,1,0,0,0,0,0,0,3
544,0,2,5,0,0,13,3,1,1,0,0,0,0,0,0,0,3
545,0,3,5,0,0,12,3,2,2,1,0,0,0,0,0,0,3
546,0,2,2,0,0,8,3,2,2,1,1,0,0,0,0,0,2
547,0,2,2,0,0,9,3,2,2,1,1,0,0,0,0,0,2
548,0,1,2,0,0,7,4,3,3,1,0,0,0,0,0,0,2
549,1,1,5,0,0,8,3,3,3,1,0,0,0,0,2,0,1
550,0,1,6,0,0,5,2,3,3,1,0,0,0,0,0,0,1
551,0,2,6,0,0,7,2,3,3,0,0,0,0,0,0,0,1
552,0,2,6,0,0,11,3,2,2,1,0,0,0,0,0,0,3
553,0,1,2,0,0,5,3,2,2,1,0,0,0,0,0,0,2
554,0,1,2,0,0,7,3,2,2,1,0,0,0,0,0,0,2
555,0,2,6,0,0,9,4,2,2,1,0,0,0,0,0,0,1
556,0,2,6,0,0,9,3,2,2,1,0,0,0,0,0,0,1
557,1,3,5,1,2,9,3,2,2,1,0,0,0,0,0,0,1
558,1,3,5,1,2,1,2,2,2,1,0,0,0,0,0,0,1
559,0,3,2,0,2,8,3,2,2,1,0,0,0,0,0,0,2
560,0,3,6,0,0,8,2,2,2,1,3,0,0,0,0,0,1
561,0,1,2,0,0,6,3,2,2,1,0,0,0,0,0,0,2
562,0,1,6,0,0,8,2,2,2,1,0,0,0,0,0,0,1
563,0,1,6,0,0,6,3,3,3,1,0,0,0,0,0,0,1
564,1,3,2,0,0,8,3,2,1,1,1,0,0,0,0,0,2
565,1,3,4,1,0,10,4,2,1,0,0,0,0,0,0,0,3
566,1,2,5,0,0,10,3,2,2,0,0,0,0,0,0,0,3
567,0,2,6,0,0,7,3,2,2,0,2,0,0,0,0,0,1
568,0,2,6,0,0,5,3,2,2,0,2,0,0,0,0,0,1
569,0,2,2,0,0,9,5,2,3,1,2,0,0,0,0,0,2
570,0,1,2,0,0,7,3,3,2,0,0,0,0,0,0,0,2
571,0,2,2,0,0,10,5,3,3,1,0,0,0,0,0,0,3
572,0,1,6,0,0,7,2,3,3,1,0,0,0,0,0,0,1
573,0,1,5,0,0,6,3,1,2,0,0,0,0,0,0,0,1
574,0,1,6,0,0,5,3,1,1,0,0,0,0,0,0,0,1
575,0,1,6,0,0,8,2,2,2,0,0,0,0,0,0,0,1
576,0,1,6,0,0,6,3,2,2,1,0,0,0,0,0,0,1
577,0,2,2,0,0,6,3,2,2,1,0,0,0,0,0,0,2
